{
  "menu": {
    "title": "LiteBase",
    "icons": [
      {
        "sound": "BLOCK_ENCHANTMENT_TABLE_USE",
        "id": "1",
        "lore": [
          "§6%gui.leftClick% §7- %gui.teleportTo%",
          "§6%gui.rightClick% §7- %gui.edit%"
        ],
        "action": "base"
      }
    ],
    "map": [
      "0 0 0 0 0 0 0 0 0",
      "0 1 0 1 0 1 0 1 0",
      "0 0 0 0 0 0 0 0 0"
    ]
  },
  "editMenu": {
    "title": "LiteBase",
    "icons": [
      {
        "sound": "BLOCK_ENCHANTMENT_TABLE_USE",
        "id": "1",
        "lore": [
          "§6%gui.leftClick% §7- %gui.key%",
          "§6%gui.rightClick% §7- %gui.access%"
        ],
        "action": "base"
      },
      {
        "sound": "ITEM_BOOK_PAGE_TURN",
        "id": "2",
        "displayName": "%gui.name%",
        "lore": [
          "§6%gui.leftClick% §7- %gui.edit%"
        ],
        "action": "editName"
      },
      {
        "sound": "ITEM_BOOK_PAGE_TURN",
        "id": "3",
        "lore": [
          "§6%gui.leftClick% §7- %gui.edit%"
        ],
        "action": "members"
      },
      {
        "displayName": "%gui.back%",
        "sound": "ITEM_BOOK_PAGE_TURN",
        "id": "4",
        "lore": [],
        "action": "back"
      },
      {
        "displayName": "%gui.setSpawn%",
        "sound": "BLOCK_RESPAWN_ANCHOR_CHARGE",
        "id": "5",
        "lore": [],
        "action": "spawn"
      }
    ],
    "map": [
      "2 0 0 0 0 0 0 0 3",
      "0 0 0 0 1 0 0 0 0",
      "4 0 0 0 0 0 0 0 5"
    ]
  },
  "members": {
    "title": "%gui.members%",
    "icons": [
      {
        "sound": "ITEM_BOOK_PAGE_TURN",
        "id": "1",
        "lore": [
          "§6%gui.leftClick% §7- %gui.teleportTo%",
          "§6%gui.rightClick% §7- %gui.edit%"
        ],
        "action": "member"
      },
      {
        "displayName": "%gui.back%",
        "sound": "ITEM_BOOK_PAGE_TURN",
        "id": "2",
        "lore": [
        ],
        "action": "back"
      }
    ],
    "map": [
      "0 1 1 1 1 1 1 1 0",
      "0 1 1 1 1 1 1 1 0",
      "2 0 0 0 0 0 0 0 0"
    ]
  }
}
