{
  "translation": {
        "gui.sizeBar": "Панель розміру",
        "gui.chat.supportOnly": "Підтримується тільки",
        "gui.get": "отримати предмет",
        "gui.luckDrop": "Рідкісний дроп",
        "game.title.monsterAttack": "Монстр з'їв вашу рибку...",
        "gui.monsterCatch": "Атаковано монстром",
        "gui.back": "Назад",
        "game.title.failCaught": "Втекло...",
        "gui.on": "Увімкнено",
        "gui.youHere": "Ви тут!",
        "gui.off": "Вимкнено",
        "gui.chance": "Шанс",
        "gui.biomes": "Біоми",
        "gui.addCountDesc1": "§bЛКМ/ПКМ §7- збільшити/зменшити",
        "gui.bigLoot": "Скарби",
        "gui.naturalModification": "Природна модифікація",
        "gui.nextPage": "Наступна сторінка",
        "gui.night": "Ніч",
        "gui.category": "Категорія",
        "game.title.monsterText3": "Хрум-хрум...",
        "gui.speed": "Швидкість",
        "game.title.monsterText1": "Нам-нам...",
        "gui.fullMoon": "Повний місяць",
        "game.title.monsterText2": "Смачно~",
        "gui.add": "Додати",
        "gui.weather": "Погода",
        "gui.delete": "Видалити",
        "chat.noTournaments": "Немає активних турнірів",
        "gui.healthFish": "Здоров'я риби",
        "gui.day": "День",
        "game.title.lvlUp": "Рідкість добутку збільшена до: ",
        "gui.customDrop": "Спеціальний дроп",
        "gui.durability": "Міцність",
        "gui.catalog": "Каталог риболовлі",
        "chat.newFish": "Ви відкрили новий предмет",
        "gui.defCategory2": "всі невикористані біоми",
        "gui.defCategory1": "Це загальна категорія. Вона містить",
        "gui.disableDefaultCategory": "Вимкнути міні-гру в стандартній категорії",
        "gui.rarity.epic": "Епічний",
        "gui.price": "§eЦіна",
        "gui.edit": "редагувати",
        "gui.acceptedValue": "Значення успішно прийнято",
        "chat.cfgUpdateErr": "Помилка оновлення конфігурації",
        "game.title.chestCaught": "Ви піймали скарб",
        "chat.cfgUpdate": "Конфігурація успішно оновлена",
        "gui.rmb": "§bПКМ",
        "gui.failedFish": "Всього невдалося",
        "gui.addCount": "Кількість",
        "gui.maxWeight": "Максимальний розмір",
        "gui.next": "Далі",
        "gui.notificationNewItems": "Сповіщення про нові предмети",
        "gui.statistic": "Ваші статистичні дані",
        "gui.enchants": "Закляття",
        "gui.putToSet2": "§7щоб встановити його",
        "gui.putToSet1": "§7Перемістіть §9предмет§7 сюди",
        "gui.rarity.rare": "Рідкісний",
        "gui.rarity.immortal": "Безсмертний",
        "chat.avgPrice": "Середня ціна за спійману рибу",
        "chat.setTarget": "Встановити ціль",
        "gui.rarity.common": "Звичайний",
        "gui.sell": "Продати",
        "gui.settings": "Налаштування",
        "chat.openCatalog": "Відкрити каталог",
        "gui.rarity.legendary": "Легендарний",
        "gui.groupLoot": "Група предметів",
        "gui.timeOfDay": "Час доби",
        "gui.health": "Здоров'я",
        "gui.randomDurability": "Випадкова міцність",
        "gui.thunder": "Грім",
        "gui.allCatchLeader": "§7Найбільше спіймано: §6%amount% §3%player_name%",
        "gui.bait": "Приманка",
        "gui.newFishMessage": "{#06BEFF}%chat.newFish% §7[%now_fish%§7]\n§7[%chat.openCatalog%]",
        "gui.bigLootCatch": "Спіймано скарбів",
        "gui.exp": "§fДосвід",
        "gui.high": "Висота",
        "chat.noPermission": "Ви не можете спіймати цю рибу",
        "gui.region": "Додати регіон",
        "gui.weight": "§aРозмір",
        "gui.addCountDesc2": "§bShift §7- х10",
        "gui.luckRare": "Збільшена рідкість",
        "gui.rain": "Дощ",
        "gui.chat.regionUsed": "§r§fРегіон вже використовується в категорії",
        "gui.maxSizeLeader": "§7Найкращий розмір: §6%size% §3%player_name%",
        "gui.acceptDelete": "Підтвердити видалення",
        "gui.enterChat": "Введіть значення у чаті",
        "gui.lmb": "§bЛКМ",
        "gui.goodFish": "Всього спіймано",
        "gui.invalidValue": "Введено недійсні дані",
        "game.noDrop": "Нічого не спіймано",
        "chat.setLang": "Мова встановлена",
        "gui.setDropEntityFromEgg": "Створити сутність з яйця",
        "gui.icon": "Іконка",
        "gui.setMiniGame": "Міні-гра",
        "gui.addEnchant": "Додати закляття",
        "chat.sell": "Ви продали предмети на суму",
        "gui.example": "Приклад",
        "gui.monster": "Монстр",
        "gui.healthPlayer": "Здоров'я гравця",
        "gui.chat.regionNotFound": "§r§fРегіон не знайдено",
        "gui.addEnchantDesc1": "Покладіть закляту книгу сюди",
        "gui.minWeight": "Мінімальний розмір"  
  },
  "guis": {
    "catalogGui": {
      "sound": "ENTITY_EXPERIENCE_ORB_PICKUP:0.5:2",
      "title": "%gui.catalog%: %player_name%",
      "icons": [
        {
          "id": "1",
          "displayName": "§6Ванільний риболов: %status%",
          "material": "FISHING_ROD",
          "pattern": "switch"
        },
        {
          "id": "2",
          "displayName": "{#41FFE9}%gui.statistic%",
          "lore": [
            "{#21BBFF}%gui.goodFish%: {#0BFF9F}%goodFish%",
            "{#21BBFF}%gui.failedFish%: {#FF1D4B}%failedFish%",
            "{#21BBFF}%gui.monsterCatch%: {#FF1D4B}%monsterCatch%",
            "{#21BBFF}%gui.bigLootCatch%: {#FFC30E}%bigLootCatch%"
          ],
          "pattern": "head"
        },
        {
          "id": "3",
          "pattern": "category"
        }
      ],
      "map": [
        "1 0 0 0 2 0 0 0 0",
        "0 3 3 3 3 3 3 3 0",
        "0 3 3 3 3 3 3 3 0",
        "0 3 3 3 3 3 3 3 0"
      ]
    },
    "shop": {
      "sound": "ENTITY_EXPERIENCE_ORB_PICKUP:0.5:2",
      "title": "%gui.sell%: %amount%",
      "icons": [
        {
          "id": "1",
          "displayName": "§f%amount%",
          "material": "PUFFERFISH_BUCKET",
          "lore": [
            "§6%gui.lmb% - §3%gui.sell%"
          ],
          "pattern": "sell"
        }
      ],
      "map": [
        "0 0 0 0 0 0 0 0 0",
        "0 0 0 0 0 0 0 0 0",
        "0 0 0 0 1 0 0 0 0"
      ]
    },
    "categoryGui": {
      "sound": "ENTITY_EXPERIENCE_ORB_PICKUP:0.5:2",
      "title": "%gui.catalog%: %player_name%",
      "icons": [
        {
          "id": "1",
          "displayName": "§f%gui.back%",
          "material": "FLINT",
          "custom_model_data": "1001",
          "pattern": "back"
        },
        {
          "id": "3",
          "displayName": "§f%gui.next%",
          "material": "FLINT",
          "custom_model_data": "1001",
          "pattern": "next"
        },
        {
          "id": "2",
          "displayName": "§f%name%",
          "lore": [
            "%rarity%",
            "{#7E84F7}%gui.goodFish%: §6%total_caught%",
            "{#FFDC63}%gui.chance%: §6%chance%%",
            "{#FF1046}%gui.health%: §6%health%",
            "{#C667FF}%gui.maxWeight%: §6%max_size%",
            "{#C667FF}%gui.minWeight%: §6%min_size%"
          ],
          "pattern": "item"
        }
      ],
      "map": [
        "2 2 2 2 2 2 2 2 2",
        "2 2 2 2 2 2 2 2 2",
        "2 2 2 2 2 2 2 2 2",
        "1 0 0 0 0 0 0 0 3"
      ]
    }
  }
}